{
  "appid": "20181012",
  "name": "h5app",
  "version": "1.1.1.73",
  "author": "",
  "description": "H5App demo",
  "launchParams": {
    "url": "/www/index.html",
    "showTitleBar": "YES",
    "showToolBar": "NO"
  },
  "host": {
    "enable": true,
    "dev": "https://20181012.h5app.dev.alipay.com",
    "test": "https://20181012.h5app.test.alipay.com",
    "online": "https://20181012.h5app.alipay.com"
  },
  "preBuild": "prebuild.sh",
  "build": {
    "include": [
      "./www/**"
    ],
    "ignore": [
      "./**/*.md"
    ]
  },
  "support": {
    "ios": {
      "minSDK": "",
      "maxSDK": "",
      "minOS": "",
      "maxOS": ""
    },
    "android": {
      "minSDK": "",
      "maxSDK": "",
      "minOS": "",
      "maxOS": ""
    }
  },
  "dependencies": {}
}