{"account":"15251812984","password":"rrM8/rNDLhVYiGIawP5Crg==","payPassword":"3aV7UicLAYejFlNR7Wvh8A==","platform":"ios","cardNo":"","udid":"4D54F2E8-6E2A-42E4-9A25-B8D5DBD78F7F","idfa":"493BE689-8D61-4CEF-9CC8-9E0CC3B0516C","idfv":"7C9DCDE3-435A-4595-B7CD-569D271D8983","clientId":"534300F6-48C4-4309-B034-2E2621BD5728","userId":"8061935182","obileOperators":"中国联通","proxy":{"uri":"","user":"","pass":""},"hardwareInfo":{"model":"iPhone10,1","deviceName":"iPhone 8","screenSize":"375*667","osVersion":"11.4","wifiName":"2WIRE393","wifiMac":"18:ac:7d:07:3e:6a","wifiIPAddress":"192.168.19.152","carrier":"中国移动","imei":"94CAAD8A-C045-4A6C-BAD7-0E4428304742","resolution":"750X1334"}}